Feature,Importance,Std
trabecular_number,0.013555555555555609,0.009477719160949385
trabecular_thickness,0.01111111111111116,0.008833158628600795
bone_fraction,0.010444444444444506,0.00810730504309097
graph_edges,0.009777777777777835,0.006378977819736584
graph_nodes,0.008888888888888936,0.007166451331820927
trabecular_spacing,0.008666666666666711,0.009159761709122206
fractal_dimension,0.007555555555555604,0.008444444444444447
graph_density,0.007333333333333391,0.005310134731266018
graph_mean_degree,0.005777777777777826,0.006607141665474894
graph_clustering,0.005111111111111155,0.006482645398139923
glcm_contrast_8,0.003777777777777808,0.002905932629027118
glcm_dissimilarity_8,0.003777777777777808,0.002905932629027118
glcm_contrast_11,0.003777777777777808,0.003227964232518662
graph_max_degree,0.0035555555555555783,0.0030143688813890276
glcm_dissimilarity_9,0.003111111111111142,0.0034712220781807335
glcm_dissimilarity_11,0.0031111111111111365,0.003744955454745061
glcm_contrast_9,0.0031111111111111313,0.0028458329944146175
glcm_dissimilarity_10,0.0026666666666666948,0.0038232556742411714
hist_bin_10,0.0026666666666666896,0.003555555555555567
glcm_contrast_10,0.0024444444444444656,0.0029731307022799287
hist_bin_2,0.002000000000000035,0.005347204184673759
hog_2,0.0020000000000000183,0.0026199613605670242
hog_26,0.0020000000000000183,0.0026199613605670242
hog_11,0.0020000000000000183,0.0026199613605670242
hog_6,0.0020000000000000183,0.0026199613605670242
hog_3,0.0020000000000000183,0.0026199613605670242
hist_bin_7,0.0017777777777778225,0.00787557562074193
glcm_contrast_1,0.0015555555555555657,0.0021198648920376707
glcm_contrast_5,0.0015555555555555657,0.0021198648920376707
hog_38,0.0013333333333333474,0.002474561939035568
glcm_dissimilarity_4,0.0013333333333333474,0.002474561939035568
hog_20,0.0013333333333333474,0.002474561939035568
glcm_contrast_3,0.001333333333333342,0.0028458329944146175
glcm_contrast_7,0.001333333333333342,0.0028458329944146175
hog_39,0.001111111111111124,0.002383067843280804
hog_35,0.0011111111111111183,0.0019245008972987646
glcm_dissimilarity_3,0.0011111111111111183,0.001924500897298765
glcm_correlation_8,0.0011111111111111183,0.002383067843280817
glcm_dissimilarity_7,0.0011111111111111183,0.001924500897298765
glcm_correlation_10,0.0008888888888889113,0.0033259176771323873
hist_bin_1,0.0008888888888889113,0.0033259176771323873
hist_bin_3,0.0008888888888889113,0.003014368881388998
hist_bin_11,0.0008888888888889057,0.002666666666666662
glcm_correlation_11,0.0008888888888889002,0.0026666666666666726
glcm_contrast_0,0.0008888888888888946,0.0017777777777777891
hist_bin_4,0.0008888888888888946,0.0017777777777777891
hog_53,0.0008888888888888946,0.0017777777777777891
glcm_contrast_4,0.0008888888888888946,0.002266230894930141
edge_density,0.0006666666666666765,0.0021198648920376572
glcm_dissimilarity_6,0.0006666666666666765,0.0021198648920376572
glcm_energy_11,0.000666666666666671,0.0015869840952317544
glcm_energy_9,0.000666666666666671,0.0015869840952317544
glcm_energy_8,0.000666666666666671,0.0015869840952317544
hist_bin_0,0.000666666666666671,0.0015869840952317544
hog_17,0.000666666666666671,0.0015869840952317544
glcm_energy_10,0.000666666666666671,0.0015869840952317544
hog_37,0.00044444444444445287,0.0019372884193514092
hog_12,0.00044444444444445287,0.0019372884193514092
glcm_energy_6,0.0004444444444444473,0.0013333333333333422
glcm_energy_7,0.0004444444444444473,0.0013333333333333422
glcm_energy_3,0.0004444444444444473,0.0013333333333333422
glcm_energy_4,0.0004444444444444473,0.0013333333333333422
glcm_dissimilarity_0,0.0004444444444444473,0.0013333333333333422
glcm_correlation_9,0.0004444444444444473,0.0019372884193514226
glcm_correlation_4,0.0004444444444444473,0.0013333333333333422
glcm_energy_5,0.0004444444444444473,0.0013333333333333422
hog_9,0.0004444444444444473,0.0013333333333333422
glcm_dissimilarity_2,0.0004444444444444473,0.0013333333333333422
glcm_energy_1,0.0004444444444444473,0.0013333333333333422
lbp_2,0.0004444444444444473,0.0013333333333333422
hog_27,0.0004444444444444473,0.0013333333333333422
hog_54,0.0004444444444444473,0.0013333333333333422
hog_36,0.0004444444444444473,0.0013333333333333422
hog_52,0.0004444444444444473,0.0013333333333333422
hog_45,0.0004444444444444473,0.001333333333333342
hog_48,0.00022222222222223476,0.0022110831935702575
hist_bin_15,0.00022222222222223476,0.0022110831935702575
glcm_contrast_6,0.0002222222222222292,0.002211083193570269
glcm_correlation_1,0.0002222222222222292,0.0017069212773041312
hog_5,0.0002222222222222292,0.0017069212773041312
glcm_correlation_5,0.0002222222222222292,0.0017069212773041312
glcm_dissimilarity_1,0.00022222222222222364,0.0009686442096757113
glcm_correlation_7,0.00022222222222222364,0.0009686442096757113
glcm_correlation_3,0.00022222222222222364,0.0009686442096757113
glcm_energy_0,0.00022222222222222364,0.0009686442096757113
hog_44,0.00022222222222222364,0.0009686442096757113
glcm_contrast_2,0.00022222222222222364,0.0009686442096757113
lbp_6,0.00022222222222222364,0.0009686442096757113
glcm_dissimilarity_5,0.00022222222222222364,0.0009686442096757113
glcm_energy_2,0.00022222222222222364,0.0009686442096757113
graph_components,1.1102230246251566e-17,0.001987615979999801
hog_47,5.551115123125783e-18,0.0014054567378526046
hog_0,5.551115123125783e-18,0.0014054567378526046
hog_57,5.551115123125783e-18,0.0014054567378526046
hog_10,5.551115123125783e-18,0.0014054567378526046
hog_34,0.0,0.0
glcm_homogeneity_9,0.0,0.0
glcm_homogeneity_10,0.0,0.0
hog_46,0.0,0.0
hog_22,0.0,0.0
hog_23,0.0,0.0
hog_24,0.0,0.0
hog_25,0.0,0.0
glcm_homogeneity_8,0.0,0.0
glcm_homogeneity_3,0.0,0.0
glcm_homogeneity_1,0.0,0.0
glcm_homogeneity_2,0.0,0.0
hog_43,0.0,0.0
hog_32,0.0,0.0
glcm_homogeneity_7,0.0,0.0
glcm_homogeneity_6,0.0,0.0
glcm_homogeneity_5,0.0,0.0
glcm_homogeneity_0,0.0,0.0
glcm_homogeneity_11,0.0,0.0
hog_16,0.0,0.0
hog_49,0.0,0.0
hog_59,0.0,0.0
lbp_8,0.0,0.0
min_intensity,0.0,0.0
max_intensity,0.0,0.0
hog_4,0.0,0.0
p10_intensity,0.0,0.0
hog_51,0.0,0.0
glcm_correlation_2,0.0,0.0
glcm_correlation_0,0.0,0.0
hog_13,0.0,0.0
hog_50,0.0,0.0
glcm_homogeneity_4,0.0,0.0
p25_intensity,-0.00022222222222221256,0.0017069212773041186
hog_55,-0.0002222222222222181,0.0009686442096756875
hog_56,-0.0002222222222222181,0.0009686442096756875
hog_42,-0.0002222222222222181,0.0009686442096756875
hog_58,-0.0002222222222222181,0.0009686442096756875
hog_41,-0.0002222222222222181,0.0009686442096756875
hog_40,-0.0002222222222222181,0.0009686442096756875
hog_28,-0.0002222222222222181,0.0009686442096756875
hog_14,-0.0002222222222222181,0.0009686442096756875
hog_15,-0.0002222222222222181,0.0009686442096756875
var_intensity,-0.0002222222222222181,0.0009686442096756875
hog_1,-0.0002222222222222181,0.0009686442096756875
std_intensity,-0.0002222222222222181,0.0009686442096756875
hog_7,-0.0002222222222222181,0.0009686442096756875
hog_8,-0.0002222222222222181,0.0009686442096756875
glcm_correlation_6,-0.0002222222222222181,0.0009686442096756875
hog_33,-0.0002222222222222181,0.0009686442096756875
hist_bin_9,-0.0002222222222222181,0.0009686442096756875
hog_18,-0.0002222222222222181,0.0009686442096756875
hog_19,-0.0002222222222222181,0.0009686442096756875
hog_21,-0.0002222222222222181,0.0009686442096756875
hog_29,-0.0002222222222222181,0.0009686442096756875
hog_30,-0.0002222222222222181,0.0009686442096756875
hog_31,-0.0002222222222222181,0.0009686442096756875
lbp_3,-0.0004444444444444251,0.0023934065809486467
hist_bin_14,-0.00044444444444443064,0.0019372884193513886
p90_intensity,-0.0004444444444444362,0.0013333333333333084
lbp_4,-0.0008888888888888502,0.004575835618216429
hist_bin_5,-0.0011111111111110738,0.004186987484759262
lbp_5,-0.0015555555555555156,0.0035206621150566104
hist_bin_13,-0.0015555555555555212,0.0037908271353848623
hist_bin_6,-0.0019999999999999627,0.0045487754423241405
mean_intensity,-0.0024444444444444045,0.004091545031004863
p75_intensity,-0.003333333333333277,0.006265720968831859
hist_bin_12,-0.0035555555555555063,0.0030143688813889817
hist_bin_8,-0.0035555555555555176,0.0049888765156985695
median_intensity,-0.00422222222222216,0.0032885885748774836
lbp_0,-0.004222222222222166,0.004964068423041921
lbp_1,-0.004666666666666619,0.0049640684230419195
lbp_7,-0.005555555555555508,0.004843221048378521
lbp_9,-0.0057777777777777315,0.004682512779045652
